prompt,completion
"餐馆, 布鲁塞尔, 小型","""为您的布鲁塞尔小型餐馆提供更便捷、安全的支付体验！尝试我们的新电子商务支付服务，带来更高效的订单处理和客户满意度提升！"""
"餐馆, 布鲁塞尔, 小型","""通过我们的新电子商务支付服务，让您的布鲁塞尔小型餐馆提供更便捷、安全的付款方式，提升客户体验，促进销售增长！"""
"餐馆, 布鲁塞尔, 小型",在布鲁塞尔的小型餐馆经营者！让您的餐饮业务更便捷、更高效，通过我们的全新电子商务支付服务，吸引更多顾客并提升利润！联系我们了解更多详情！
"餐馆, 布鲁塞尔, 大型","""在布鲁塞尔的大型餐馆，让电子支付轻松快捷！现在接受我们的全新电子商务支付服务，为您的客人提供更便捷的付款体验。"""
"餐馆, 布鲁塞尔, 大型","""在繁忙的布鲁塞尔大型餐馆，我们为您提供便捷、安全的新电子商务支付服务，让您的客人更快速、便捷地结账，提升您的营业额！"""
"餐馆, 布鲁塞尔, 大型","""让您的餐馆事业更上一层楼！在布鲁塞尔的大型餐馆，我们的电子商务支付服务将为您的客户带来更快捷、安全的付款体验。立即联系我们，了解更多详情！"""
"餐馆, 巴黎, 小型","""让您的餐馆在巴黎市场脱颖而出！尝试我们的新电子商务支付服务，轻松方便地接受在线订单，提升您的小型餐馆的销售额！"""
"餐馆, 巴黎, 小型","""让您的餐馆进入电子支付时代！与我们的新电子商务支付服务合作，为您的小型巴黎餐馆提供更高效、更方便的付款体验！"""
"餐馆, 巴黎, 小型","""让您的餐馆在巴黎市场脱颖而出！体验我们最新的电子商务支付服务，为您的小型餐厅带来更便捷、简单的付款体验，吸引更多顾客来品尝您的美食！"""
"餐馆, 巴黎, 大型","""让您的大型巴黎餐馆的支付流程更加便捷和安全，尝试我们的全新电子商务支付服务，帮助您提升销售效率并吸引更多顾客！"""
"餐馆, 巴黎, 大型",在巴黎大型餐馆，您需要一个高效的电子商务支付服务来处理繁忙的交易。我们的服务不仅安全可靠，而且方便快捷，让您的顾客体验更加顺畅。
"餐馆, 巴黎, 大型","""现在您的大型巴黎餐馆可以轻松实现在线付款，并为顾客提供更便捷的支付体验！立即试用我们的全新电子商务支付服务，提升您的餐饮业务效率和客户满意度！"""
"加油站, 布鲁塞尔, 小型","""立即体验布鲁塞尔小型加油站的便捷支付方式！我们的新电子商务支付服务让您快速、安全地完成交易，提升客户体验，促进销售增长！"""
"加油站, 布鲁塞尔, 小型","""在布鲁塞尔的小型加油站，现在可以通过我们的便捷电子商务支付服务轻松、安全地完成支付。方便快捷，让您的购物体验更加顺利！"""
"加油站, 布鲁塞尔, 小型","""让您的加油站迎接未来，尝试我们的便捷电子支付服务，让顾客享受更快更简单的付款体验！"""
"加油站, 布鲁塞尔, 大型","""让您的加油站在布鲁塞尔大放异彩，通过我们的便捷电子商务支付服务，提升顾客体验，增加销售额！"""
"加油站, 布鲁塞尔, 大型","""为您的大型布鲁塞尔加油站提供便捷的电子商务支付服务，让您的客户享受更快捷、更安全的结账体验！"""
"加油站, 布鲁塞尔, 大型","""在忙碌的布鲁塞尔加油站，我们为您提供便捷的电子商务支付服务，让您的客户方便快捷地完成交易。立即尝试我们的服务，提升您的营业额！"""
"加油站, 巴黎, 小型","""在巴黎的小型加油站，现在可以通过我们的新电子商务支付服务轻松便捷地付款。享受更快速、更方便的支付体验，让您的生意更加高效！"""
"加油站, 巴黎, 小型","""在巴黎的小型加油站，您可以通过使用我们创新的电子商务支付服务，方便快捷地完成交易，让您的客户体验更加顺畅和高效。"""
"加油站, 巴黎, 小型","""在巴黎的小型加油站，现在可以方便快捷地接受我们的新电子商务支付服务，让您的加油体验更加便捷和高效！"""
"加油站, 巴黎, 大型","""通过我们的新电子商务支付服务，帮助您的大型加油站在巴黎市提供更便捷、安全和高效的支付体验！立即升级您的支付系统，吸引更多客户并提升销售额！"""
"加油站, 巴黎, 大型","""为提升您加油站的营业额，巴黎大型加油站现已接受使用我们最新的电子商务支付服务，方便快捷。立即体验！"""
"加油站, 巴黎, 大型",在繁忙的巴黎大型加油站，我们引入了全新的电子商务支付服务！立即体验便捷、安全的付款方式，提升您的加油体验！#方便快捷 #安全可靠
